{"cameraMode":{"drawMode":0,"name":"Shaded","section":"Shading Mode"},"sceneLighting":false,"audioPlay":false,"sceneViewState":{"m_AlwaysRefresh":false,"showFog":true,"showSkybox":false,"showFlares":true,"showImageEffects":true,"showParticleSystems":true,"showVisualEffectGraphs":true,"m_FxEnabled":true},"in2DMode":false,"pivot":{"x":-0.5559713840484619,"y":1.0399999618530274,"z":-2.4456939697265627},"rotation":{"x":0.2704119384288788,"y":-0.5455145835876465,"z":0.19162264466285706,"w":0.7697990536689758},"size":3.7315104007720949,"orthographic":false}